{
    "pose_stats": {
        "min": -0.9011348485946655,
        "max": 0.7170094847679138
    },
    "orientation_stats": {
        "min": -0.376761794090271,
        "max": 0.9624490141868591
    }
}